{
    "width": 1920,
    "height": 1080,
    "fx": 626.16371201,
    "fy": 625.58842152,
    "px": 323.84690485,
    "py": 241.72877814,
    "dist_coeffs": [-1.02775217e-01,
        3.43770178e+00,
        -1.55689480e-03,
        -1.26643488e-03,
        -1.95699865e+01
    ]
}