{
    "width": 1920,
    "height": 1080,
    "fx": 295.70586315,
    "fy": 294.72317007,
    "px": 325.43968514,
    "py": 242.54339823,
    "dist_coeffs": [-0.0154964,
        0.11149601,
        -0.001097,
        -0.0017328,
        -0.10143949
    ]
}